hazardous,count,ratio
False,81996,0.90268175613193
True,8840,0.09731824386806993
