model,split,threshold,accuracy,precision,recall,f1,pr_auc,brier_score,tn,fp,fn,tp,roc_auc
random_forest_no_balance,test,0.23,0.868193160135036,0.40681998413957177,0.7737556561085973,0.5332640332640333,0.5736564389590333,0.05826567095984635,10804,1496,300,1026,0.9270091907932654
random_forest_no_balance_calibrated,test,0.24,0.8928519007779245,0.46091015169194866,0.5957767722473605,0.5197368421052632,0.5715372752563151,0.060167561644033446,11376,924,536,790,0.9276649621699837
random_forest_no_balance_calibrated_default_threshold,test,0.5,0.9156025245853515,0.6379310344827587,0.30693815987933637,0.41446028513238287,0.5715372752563151,0.060167561644033446,12069,231,919,407,0.9276649621699837
