model,split,threshold,accuracy,precision,recall,f1,pr_auc,brier_score,tn,fp,fn,tp,roc_auc
random_forest_balanced,test,0.34,0.8543960076324674,0.3838276836158192,0.8197586726998491,0.5228475228475229,0.5633552341471282,0.06733992752503717,10555,1745,239,1087,0.9266896896344529
random_forest_balanced_calibrated,test,0.19,0.8726698957874651,0.41447093266415724,0.7473604826546003,0.5332257196663976,0.5595403686049032,0.06002145298398546,10900,1400,335,991,0.9269156580706079
random_forest_balanced_calibrated_default_threshold,test,0.5,0.9119330691325407,0.5945945945945946,0.2986425339366516,0.39759036144578314,0.5595403686049032,0.06002145298398546,12030,270,930,396,0.9269156580706079
