model,split,threshold,accuracy,precision,recall,f1,pr_auc,brier_score,tn,fp,fn,tp,roc_auc
random_forest_balanced,test,0.46,0.8781740789666813,0.4274543874891399,0.7420814479638009,0.5424476295479603,0.591929467849622,0.06971760981096684,10982,1318,342,984,0.9324629977069001
random_forest_balanced_calibrated,test,0.29,0.8954205195948921,0.4717948717948718,0.6244343891402715,0.5374878286270691,0.5879771558706666,0.057973449412183166,11373,927,498,828,0.9323984352965702
random_forest_balanced_calibrated_default_threshold,test,0.5,0.916776750330251,0.6263157894736842,0.358974358974359,0.4563758389261745,0.5879771558706666,0.057973449412183166,12016,284,850,476,0.9323984352965702
