model,split,threshold,accuracy,precision,recall,f1,pr_auc,brier_score,tn,fp,fn,tp,roc_auc
random_forest_balanced,validation,0.5,0.897908256880734,0.48084855627578077,0.6153846153846154,0.5398610651670526,0.5879882277367696,0.06391163176380805,11418,881,510,816,0.9346729804394943
hist_gradient_boosting,validation,0.5,0.916256880733945,0.7218225419664268,0.22699849170437406,0.3453815261044177,0.5591289730098213,0.058592654981533744,12183,116,1025,301,0.9254954816741285
logistic_regression,validation,0.5,0.9078165137614679,0.6605504587155964,0.1085972850678733,0.18652849740932642,0.41699174866031813,0.06852278849139876,12225,74,1182,144,0.8882888736248408
logistic_regression_balanced,validation,0.5,0.7868623853211009,0.3072789447972643,0.9487179487179487,0.46420664206642065,0.39511101521755054,0.14388190943048754,9463,2836,68,1258,0.8908024748360883
majority_baseline,validation,0.5,0.9026788990825688,0.0,0.0,0.0,0.0973211009174312,0.0973211009174312,12299,0,1326,0,0.5
